material_group_name,material_sub_group_name,material_name,product_code,unit_name,brand,quantity,rate,hsn_code
Construction Material,Bitumen,Bitumen-85/25,12345,ton,,,,
Construction Material,Bitumen,Bitumen VG -30,12346,ton,,10,,
Construction Material,Bitumen,Bitumen VG-10,12347,ton,,,,
Construction Material,Bitumen,CRMB,12348,ton,,,,
Construction Material,Boulder,Boulder,12349,ton,,20,,
Construction Material,Emulssion,Emulssion SS1,12350,ton,,,,
Construction Material,Emulssion,Emulssion RS1,12351,ton,,,,
Construction Material,Aggregate,Aggregate 10mm,12352,ton,,,,
Construction Material,Aggregate,Aggregate 20mm,12353,ton,,,,
Construction Material,Aggregate,Aggregate 40mm,12354,ton,,,,
Construction Material,Aggregate,Aggregate 27mm,12355,ton,,20,,
Construction Material,GSB,GSB,12356,ton,,,,
Construction Material,Sand,Sand,12357,ton,,,,
Construction Material,Stone Dust,Stone Dust,12358,ton,,,,
Construction Material,Admixture,Admixture Auramix 300,12359,Kg,,,,
Construction Material,Admixture,Admixture conplast,12360,Kg,,,,
Construction Material,Admixture,Admixture Sikamet P14,12361,Kg,,,,
Construction Material,Cement,Cement 43 Grade,12362,Bags,,,,
Construction Material,Cement,Cement 53 Grade,12363,Bags,,,,
Construction Material,Steel,TMT 08mm,12364,ton,,10,,
Construction Material,Steel,TMT 10mm,12365,ton,,,,
Construction Material,Steel,TMT 12mm,12366,ton,,,,
Construction Material,Steel,TMT 16mm,12367,ton,,,,
Construction Material,Steel,TMT 20mm,12368,ton,,,,
Construction Material,Steel,TMT 25mm,12369,ton,,,,
Construction Material,Steel,TMT 32mm,12370,ton,,,,
Construction Material,Steel,MS Scarp,12371,ton,,,,
Construction Material,Hume Pipe,RCC Hume Pipe 1200x2.5mtr,12372,No.,,,,
Construction Material,Hume Pipe,RCC Hume Pipe 1800x1.5mtr,12373,No.,,,,
