name,asset_code,engine_no,chasis_no,reg_no,insurance_from,insurance_to,road_tax_from,road_tax_to,brand,model,hsn_code
Tipper ,NKC/CE-07/TP-01,50A62380693,396095AUZ200391,RJ14GC 7550,01/01/17,31/12/17,01/01/17,31/12/17,Tata,2516,303
Tipper ,NKC/CE-08/TP-02,,396095AUZ200409,RJ14GC 7552,01/01/17,31/12/17,01/01/17,31/12/17,Tata,2516,303
Tipper ,NKC/CE-9/TP-03,50A62380181,396095AUZ200457,RJ14GC 7553,01/01/17,31/12/17,01/01/17,31/12/17,Tata,2516,303
Tipper ,NKC/CE-10/TP-04,50A62380528,396095AUZ200469,RJ14GC 7546,01/01/17,31/12/17,01/01/17,31/12/17,Tata,2516,303
Tipper ,NKC/CE-11/TP-05,,396095AUZ200468,RJ14GC 7556,,,,,Tata,2516,
Tipper ,NKC/CE-12/TP-06,40J62356375,396095JVZ211625,RJ14GC 7776,,,,,Tata,2516,
Tipper ,NKC/CE-13/TP-07,40J62357184,3976095JVZ211573,RJ14GC 7779,,,,,Tata,2516,
Tipper ,NKC/CE-14/TP-08,40J62357266,396095JVZ211593,RJ14GC 7781,,,,,Tata,2516,
Tipper ,NKC/CE-15/TP-09,40J62357267,396095JVZ211587,RJ14GC 7784,,,,,Tata,2516,
Tipper ,NKC/CE-16/TP-10,40J62358119,396095JVZ211761,RJ14GC 9151,,,,,Tata,2516,
Tipper ,NKC/CE-17/TP-11,40H62357609,396095HVZ210722,RJ14GC 9148,,,,,Tata,2516,
Tipper ,NKC/CE-18/TP-12,40H62352283,396095HVZ210721,RJ14GC 9150,,,,,Tata,2516,
Tipper ,NKC/CE-19/TP-13,40H62352619,396095HVZ210723,RJ14GC 9153,,,,,Tata,2516,
Tipper ,NKC/CE-20/TP-14,40J62357269,396095JVZ200571,RJ14GC 9142,,,,,Tata,2516,
Tipper ,NKC/CE-21/TP-15,40J62357395,396095JVZ211601,RJ14GC 9145,,,,,Tata,2516,
Tipper ,NKC/CE-22/TP-16,40J62357001,396095JVZ211584,RJ14GC 7783,,,,,Tata,2516,
Tipper ,NKC/CE-23/TP-17,40J62357187,396095JVZ211585,RJ14GC 9146,,,,,Tata,2516,
Tipper ,NKC/CE-24/TP-18,40J62357271,396095JVZ211592,RJ14GC 9152,,,,,Tata,2516,
Tipper ,NKC/CE-25/TP-19,40J62358024,396095JVZ211759,UP25Q 9753,,,,,Tata,2516,
Tipper ,NKC/CE-26/TP-20,40A62381038,396095AUZ200508,UP25Q 9935,,,,,Tata,2516,
Tipper,NKC/CE-422/TP-126,B5.91803221J63286213,MAT448104C3J25990,ML-10A-8845,,,,,,,
Tipper,NKC/CE-423/TP-127,B5.91803221H63279083,MAT448104C3H22487,ML-10A-8846,,,,,,,
Tipper,NKC/CE-424/TP-128,B5.91803221H63278410,MAT448104C3H22129,ML-10A-8847,,,,,,,
Tipper,NKC/CE-425/TP-129,B5.91803221J63286158,MAT448104C3J25839,ML-10A-8848,,,,,,,
Tipper,NKC/CE-426/TP-130,B5.91803221H63279118,MAT448104C3H22486,ML-10A-8849,,,,,,,
